id,duration,start_date,start_station_id,end_date,end_station_id,bike_id,subscription_type,zip_code
4576,63,8/29/2013 14:13,66,8/29/2013 14:14,66,520,Subscriber,94127
4607,70,8/29/2013 14:42,10,8/29/2013 14:43,10,661,Subscriber,95138
4130,71,8/29/2013 10:16,27,8/29/2013 10:17,27,48,Subscriber,97214
4251,77,8/29/2013 11:29,10,8/29/2013 11:30,10,26,Subscriber,95060
4299,83,8/29/2013 12:02,66,8/29/2013 12:04,67,319,Subscriber,94103
4927,103,8/29/2013 18:54,59,8/29/2013 18:56,59,527,Subscriber,94109
4500,109,8/29/2013 13:25,4,8/29/2013 13:27,5,679,Subscriber,95112
4563,111,8/29/2013 14:02,8,8/29/2013 14:04,8,687,Subscriber,95112
4760,113,8/29/2013 17:01,66,8/29/2013 17:03,66,553,Subscriber,94103
4258,114,8/29/2013 11:33,10,8/29/2013 11:35,11,107,Subscriber,95060
4549,125,8/29/2013 13:52,49,8/29/2013 13:55,54,368,Subscriber,94109
4498,126,8/29/2013 13:23,6,8/29/2013 13:25,4,26,Subscriber,95112
4965,129,8/29/2013 19:32,28,8/29/2013 19:35,28,140,Subscriber,94041
4557,130,8/29/2013 13:57,64,8/29/2013 13:59,64,371,Subscriber,94122
4386,134,8/29/2013 12:31,41,8/29/2013 12:33,56,503,Subscriber,94109
4749,138,8/29/2013 16:57,47,8/29/2013 16:59,47,408,Subscriber,94117
4242,141,8/29/2013 11:25,10,8/29/2013 11:27,10,26,Subscriber,95060
4329,142,8/29/2013 12:11,67,8/29/2013 12:14,67,319,Subscriber,94103
5097,142,8/29/2013 22:21,74,8/29/2013 22:24,50,564,Subscriber,94115
5084,144,8/29/2013 22:06,39,8/29/2013 22:08,76,574,Subscriber,94115
4982,146,8/29/2013 19:42,49,8/29/2013 19:44,54,542,Subscriber,94105
4417,148,8/29/2013 12:45,22,8/29/2013 12:48,22,159,Subscriber,94061
4265,151,8/29/2013 11:40,58,8/29/2013 11:42,58,520,Subscriber,94110
5093,160,8/29/2013 22:12,47,8/29/2013 22:14,77,442,Subscriber,94115
4168,161,8/29/2013 10:56,56,8/29/2013 10:59,74,414,Customer,94117
4550,163,8/29/2013 13:53,9,8/29/2013 13:56,9,684,Subscriber,95112
4533,165,8/29/2013 13:43,55,8/29/2013 13:46,51,365,Subscriber,94109
4510,166,8/29/2013 13:31,3,8/29/2013 13:34,8,661,Subscriber,95112
5070,168,8/29/2013 21:43,66,8/29/2013 21:46,66,598,Subscriber,94115
4917,169,8/29/2013 18:45,26,8/29/2013 18:48,25,229,Subscriber,94041
4276,173,8/29/2013 11:45,61,8/29/2013 11:48,64,280,Customer,95819
4378,173,8/29/2013 12:27,72,8/29/2013 12:30,72,374,Subscriber,94110
4069,174,8/29/2013 9:08,64,8/29/2013 9:11,64,288,Subscriber,94114
4625,175,8/29/2013 15:02,58,8/29/2013 15:05,66,267,Subscriber,94115
4086,178,8/29/2013 9:42,45,8/29/2013 9:45,45,379,Subscriber,94402
5088,183,8/29/2013 22:08,76,8/29/2013 22:12,47,309,Subscriber,94115
4721,184,8/29/2013 16:27,67,8/29/2013 16:30,66,416,Subscriber,94107
4636,186,8/29/2013 15:11,62,8/29/2013 15:14,61,366,Subscriber,94109
4812,186,8/29/2013 17:30,62,8/29/2013 17:33,62,409,Subscriber,94107
4720,188,8/29/2013 16:27,67,8/29/2013 16:30,66,379,Subscriber,94109
4798,188,8/29/2013 17:22,39,8/29/2013 17:25,76,429,Subscriber,94102
4944,188,8/29/2013 19:06,41,8/29/2013 19:10,46,502,Customer,94612
4400,189,8/29/2013 12:39,46,8/29/2013 12:42,41,619,Subscriber,94609
4606,191,8/29/2013 14:38,10,8/29/2013 14:42,10,35,Subscriber,95138
4705,193,8/29/2013 16:15,59,8/29/2013 16:18,58,519,Subscriber,94107
4841,197,8/29/2013 17:48,35,8/29/2013 17:51,37,83,Subscriber,94107
4704,204,8/29/2013 16:15,59,8/29/2013 16:18,58,316,Subscriber,94109
4824,207,8/29/2013 17:38,67,8/29/2013 17:42,66,632,Subscriber,94103
4854,209,8/29/2013 17:57,68,8/29/2013 18:00,57,348,Customer,94158
4502,210,8/29/2013 13:28,5,8/29/2013 13:31,3,664,Subscriber,95112
4638,211,8/29/2013 15:17,74,8/29/2013 15:21,50,634,Subscriber,94123
4855,214,8/29/2013 17:57,68,8/29/2013 18:00,57,334,Customer,94158
4994,214,8/29/2013 19:54,71,8/29/2013 19:57,76,528,Subscriber,94109
4459,215,8/29/2013 13:08,67,8/29/2013 13:11,72,319,Subscriber,94114
5074,216,8/29/2013 21:45,69,8/29/2013 21:49,69,268,Subscriber,94133
4081,218,8/29/2013 9:38,27,8/29/2013 9:41,27,150,Subscriber,97214
4337,219,8/29/2013 12:13,73,8/29/2013 12:16,45,506,Subscriber,94109
4401,222,8/29/2013 12:39,48,8/29/2013 12:43,50,613,Subscriber,94123
4411,223,8/29/2013 12:40,61,8/29/2013 12:43,69,259,Subscriber,94117
4467,225,8/29/2013 13:11,75,8/29/2013 13:15,41,315,Subscriber,10009
4765,228,8/29/2013 17:05,66,8/29/2013 17:08,67,553,Subscriber,94103
5001,236,8/29/2013 20:00,62,8/29/2013 20:04,77,567,Customer,94608
5002,236,8/29/2013 20:01,59,8/29/2013 20:05,66,375,Subscriber,94122
4560,237,8/29/2013 13:58,66,8/29/2013 14:02,58,438,Subscriber,94124
4592,239,8/29/2013 14:30,47,8/29/2013 14:34,77,505,Subscriber,94109
4673,239,8/29/2013 15:48,70,8/29/2013 15:52,65,568,Subscriber,94110
4714,240,8/29/2013 16:21,11,8/29/2013 16:25,12,88,Subscriber,95112
4748,240,8/29/2013 16:56,50,8/29/2013 17:00,56,626,Subscriber,94122
4317,241,8/29/2013 12:07,58,8/29/2013 12:11,66,587,Subscriber,94597
4559,242,8/29/2013 13:58,66,8/29/2013 14:02,58,554,Subscriber,94115
4880,242,8/29/2013 18:10,41,8/29/2013 18:14,46,530,Subscriber,94115
4668,243,8/29/2013 15:39,69,8/29/2013 15:43,65,489,Subscriber,94107
4667,244,8/29/2013 15:39,69,8/29/2013 15:43,65,431,Subscriber,94109
4443,245,8/29/2013 12:56,77,8/29/2013 13:00,74,436,Customer,94960
5105,245,8/29/2013 23:12,65,8/29/2013 23:16,70,348,Customer,37206
4341,252,8/29/2013 12:13,58,8/29/2013 12:17,66,547,Subscriber,94115
4423,254,8/29/2013 12:50,50,8/29/2013 12:54,41,544,Subscriber,94070
4911,259,8/29/2013 18:38,58,8/29/2013 18:42,66,411,Subscriber,94131
4504,262,8/29/2013 13:29,72,8/29/2013 13:34,67,398,Subscriber,94114
4584,262,8/29/2013 14:17,66,8/29/2013 14:21,66,587,Subscriber,94612
4599,265,8/29/2013 14:31,60,8/29/2013 14:35,42,425,Customer,2360
4801,265,8/29/2013 17:24,58,8/29/2013 17:28,58,554,Subscriber,94109
4870,266,8/29/2013 18:06,76,8/29/2013 18:10,56,626,Customer,43214
4743,267,8/29/2013 16:51,30,8/29/2013 16:55,28,54,Customer,94107
4799,267,8/29/2013 17:19,42,8/29/2013 17:24,74,399,Subscriber,94105
5006,269,8/29/2013 20:09,76,8/29/2013 20:14,71,528,Subscriber,94109
4686,273,8/29/2013 15:59,77,8/29/2013 16:03,55,624,Customer,
4906,277,8/29/2013 18:28,35,8/29/2013 18:33,37,93,Customer,94303
4177,278,8/29/2013 11:03,70,8/29/2013 11:08,64,371,Subscriber,94117
4436,284,8/29/2013 12:55,60,8/29/2013 13:00,48,488,Subscriber,94109
5057,284,8/29/2013 21:10,68,8/29/2013 21:15,77,413,Subscriber,94117
4084,287,8/29/2013 9:41,27,8/29/2013 9:46,27,138,Customer,97214
4595,288,8/29/2013 14:31,60,8/29/2013 14:36,42,356,Customer,1719
4377,289,8/29/2013 12:27,77,8/29/2013 12:32,55,471,Subscriber,94965
4600,291,8/29/2013 14:33,6,8/29/2013 14:38,10,35,Subscriber,95138
4959,292,8/29/2013 19:18,65,8/29/2013 19:23,69,361,Customer,94109
4828,293,8/29/2013 17:41,34,8/29/2013 17:46,35,160,Subscriber,94107
4450,298,8/29/2013 13:01,48,8/29/2013 13:06,42,598,Subscriber,94109
4558,298,8/29/2013 13:57,54,8/29/2013 14:02,50,275,Subscriber,94109
4657,298,8/29/2013 15:30,57,8/29/2013 15:35,57,631,Subscriber,94123
4796,305,8/29/2013 17:22,72,8/29/2013 17:27,76,332,Subscriber,94110
4331,307,8/29/2013 12:12,35,8/29/2013 12:17,37,144,Subscriber,94025
4280,309,8/29/2013 11:53,58,8/29/2013 11:58,66,636,Subscriber,94117
4290,309,8/29/2013 11:58,39,8/29/2013 12:03,67,496,Customer,94107
4876,309,8/29/2013 18:09,61,8/29/2013 18:14,69,565,Customer,95126
4766,315,8/29/2013 17:05,23,8/29/2013 17:10,23,227,Subscriber,94402
4871,316,8/29/2013 18:06,57,8/29/2013 18:11,70,348,Customer,94107
5078,318,8/29/2013 21:53,72,8/29/2013 21:59,39,611,Subscriber,94115
4744,319,8/29/2013 16:52,57,8/29/2013 16:57,70,379,Customer,95032
4376,320,8/29/2013 12:27,41,8/29/2013 12:32,50,534,Subscriber,94115
4392,323,8/29/2013 12:34,50,8/29/2013 12:39,48,428,Subscriber,94123
4602,323,8/29/2013 14:34,45,8/29/2013 14:39,42,326,Customer,94111
5100,323,8/29/2013 22:50,74,8/29/2013 22:56,49,317,Subscriber,94105
4448,324,8/29/2013 13:01,48,8/29/2013 13:06,42,621,Subscriber,94121
4722,327,8/29/2013 16:32,8,8/29/2013 16:37,3,81,Subscriber,95112
4850,327,8/29/2013 17:53,37,8/29/2013 17:59,35,95,Subscriber,94107
4615,332,8/29/2013 14:55,76,8/29/2013 15:01,63,606,Subscriber,94109
4582,335,8/29/2013 14:14,62,8/29/2013 14:20,62,342,Subscriber,94123
4640,335,8/29/2013 15:19,64,8/29/2013 15:24,70,438,Subscriber,94110
4805,336,8/29/2013 17:26,4,8/29/2013 17:32,10,26,Subscriber,95066
4715,337,8/29/2013 16:23,70,8/29/2013 16:29,65,489,Customer,94109
4941,337,8/29/2013 19:05,48,8/29/2013 19:11,50,327,Subscriber,94103
4454,340,8/29/2013 13:05,77,8/29/2013 13:10,46,590,Subscriber,94107
4647,340,8/29/2013 15:26,59,8/29/2013 15:32,39,432,Subscriber,94102
4750,342,8/29/2013 16:57,68,8/29/2013 17:03,39,549,Subscriber,94109
4393,343,8/29/2013 12:34,45,8/29/2013 12:40,77,319,Subscriber,94103
4822,343,8/29/2013 17:37,10,8/29/2013 17:43,6,196,Subscriber,95138
4300,346,8/29/2013 12:03,47,8/29/2013 12:09,50,603,Customer,94105
4968,346,8/29/2013 19:35,54,8/29/2013 19:41,49,512,Subscriber,94105
4890,347,8/29/2013 18:13,42,8/29/2013 18:19,56,326,Subscriber,94123
5075,348,8/29/2013 21:47,66,8/29/2013 21:52,72,598,Subscriber,94115
4570,351,8/29/2013 14:06,50,8/29/2013 14:12,46,275,Subscriber,94109
4278,353,8/29/2013 11:52,50,8/29/2013 11:58,45,596,Subscriber,94123
4399,355,8/29/2013 12:39,22,8/29/2013 12:45,26,74,Subscriber,94041
4660,355,8/29/2013 15:32,71,8/29/2013 15:38,47,408,Customer,94102
4745,360,8/29/2013 16:52,51,8/29/2013 16:58,55,271,Subscriber,94133
4955,360,8/29/2013 19:15,59,8/29/2013 19:21,67,498,Subscriber,94608
4785,361,8/29/2013 17:13,68,8/29/2013 17:19,70,562,Subscriber,94401
4730,362,8/29/2013 16:37,65,8/29/2013 16:43,70,615,Subscriber,94112
4786,362,8/29/2013 17:14,67,8/29/2013 17:20,59,351,Subscriber,94597
4447,363,8/29/2013 13:00,74,8/29/2013 13:06,49,341,Subscriber,94112
5032,363,8/29/2013 20:33,3,8/29/2013 20:39,6,683,Customer,95123
4312,369,8/29/2013 12:06,45,8/29/2013 12:12,75,378,Subscriber,94117
4695,369,8/29/2013 16:05,65,8/29/2013 16:11,70,431,Customer,95118
4700,369,8/29/2013 16:12,42,8/29/2013 16:18,73,510,Customer,2360
4875,370,8/29/2013 18:08,60,8/29/2013 18:14,42,421,Subscriber,94110
4659,371,8/29/2013 15:32,71,8/29/2013 15:38,47,538,Customer,94102
4998,374,8/29/2013 19:57,50,8/29/2013 20:04,49,276,Subscriber,94105
4496,375,8/29/2013 13:19,65,8/29/2013 13:25,70,413,Subscriber,94107
4716,375,8/29/2013 16:24,70,8/29/2013 16:30,65,382,Customer,95118
4527,376,8/29/2013 13:39,68,8/29/2013 13:45,39,522,Subscriber,94610
4612,376,8/29/2013 14:46,13,8/29/2013 14:53,9,188,Subscriber,95112
4204,378,8/29/2013 11:06,10,8/29/2013 11:13,10,28,Subscriber,95136
4731,378,8/29/2013 16:36,56,8/29/2013 16:43,45,324,Customer,94118
4883,378,8/29/2013 18:12,76,8/29/2013 18:18,63,332,Subscriber,94114
4517,379,8/29/2013 13:34,8,8/29/2013 13:41,10,661,Subscriber,95112
4429,380,8/29/2013 12:53,60,8/29/2013 13:00,48,491,Subscriber,94121
4699,380,8/29/2013 16:12,42,8/29/2013 16:18,73,443,Customer,1719
4434,384,8/29/2013 12:55,68,8/29/2013 13:01,69,555,Subscriber,94117
4408,385,8/29/2013 12:41,57,8/29/2013 12:48,71,538,Customer,37206
4961,387,8/29/2013 19:21,55,8/29/2013 19:28,57,471,Subscriber,94103
5099,387,8/29/2013 22:35,3,8/29/2013 22:41,2,675,Subscriber,95126
4725,388,8/29/2013 16:34,54,8/29/2013 16:41,74,277,Subscriber,94109
4347,389,8/29/2013 12:15,10,8/29/2013 12:21,6,146,Subscriber,95112
5095,390,8/29/2013 22:15,77,8/29/2013 22:21,74,501,Subscriber,94115
5102,392,8/29/2013 22:53,70,8/29/2013 23:00,63,348,Customer,37206
4414,393,8/29/2013 12:44,69,8/29/2013 12:50,69,259,Customer,91127
5050,396,8/29/2013 21:01,39,8/29/2013 21:07,72,402,Subscriber,94103
4334,398,8/29/2013 12:12,77,8/29/2013 12:19,50,428,Customer,94709
4385,398,8/29/2013 12:30,72,8/29/2013 12:37,59,397,Subscriber,94109
4981,399,8/29/2013 19:41,66,8/29/2013 19:47,67,632,Subscriber,94110
5062,402,8/29/2013 21:27,47,8/29/2013 21:34,63,616,Subscriber,94105
4970,404,8/29/2013 19:36,57,8/29/2013 19:43,71,320,Subscriber,94109
4458,405,8/29/2013 13:05,71,8/29/2013 13:12,71,458,Subscriber,94102
4879,405,8/29/2013 18:10,47,8/29/2013 18:17,50,394,Subscriber,94102
4999,405,8/29/2013 19:58,50,8/29/2013 20:04,49,282,Subscriber,94105
4751,406,8/29/2013 16:57,58,8/29/2013 17:04,39,462,Subscriber,94704
4996,410,8/29/2013 19:57,77,8/29/2013 20:04,45,441,Customer,8540
4616,412,8/29/2013 14:56,13,8/29/2013 15:02,9,101,Customer,95020
4741,412,8/29/2013 16:45,5,8/29/2013 16:52,10,679,Subscriber,95112
4910,412,8/29/2013 18:37,37,8/29/2013 18:43,34,20,Customer,94303
4655,413,8/29/2013 15:29,73,8/29/2013 15:36,46,474,Customer,
4542,416,8/29/2013 13:49,45,8/29/2013 13:56,42,399,Customer,94111
4348,418,8/29/2013 12:14,55,8/29/2013 12:21,77,628,Subscriber,94965
4435,418,8/29/2013 12:55,68,8/29/2013 13:02,46,548,Customer,2142
4465,419,8/29/2013 13:11,64,8/29/2013 13:18,47,498,Subscriber,94117
4810,419,8/29/2013 17:30,76,8/29/2013 17:37,72,546,Subscriber,94122
4641,420,8/29/2013 15:19,39,8/29/2013 15:26,70,522,Subscriber,94102
4571,421,8/29/2013 14:07,42,8/29/2013 14:14,45,621,Customer,94111
5077,422,8/29/2013 21:47,77,8/29/2013 21:54,42,619,Customer,1719
4309,423,8/29/2013 12:04,74,8/29/2013 12:11,51,340,Subscriber,94127
4953,423,8/29/2013 19:14,41,8/29/2013 19:21,76,606,Subscriber,94110
5067,423,8/29/2013 21:38,70,8/29/2013 21:45,69,535,Subscriber,94133
4830,424,8/29/2013 17:42,49,8/29/2013 17:49,68,334,Customer,
4464,425,8/29/2013 13:09,69,8/29/2013 13:16,65,318,Subscriber,94107
4529,425,8/29/2013 13:40,63,8/29/2013 13:47,49,361,Subscriber,94110
4296,430,8/29/2013 12:00,47,8/29/2013 12:08,64,593,Subscriber,94117
4784,430,8/29/2013 17:13,67,8/29/2013 17:20,59,506,Subscriber,94703
5004,430,8/29/2013 20:05,42,8/29/2013 20:12,77,377,Subscriber,94110
4455,431,8/29/2013 13:05,66,8/29/2013 13:12,39,626,Subscriber,94122
5061,433,8/29/2013 21:23,45,8/29/2013 21:30,76,400,Subscriber,94131
4689,436,8/29/2013 16:01,60,8/29/2013 16:08,50,584,Customer,94965
4904,436,8/29/2013 18:26,56,8/29/2013 18:34,54,512,Subscriber,94123
5060,436,8/29/2013 21:22,45,8/29/2013 21:30,76,380,Subscriber,94131
4783,438,8/29/2013 17:13,67,8/29/2013 17:20,59,617,Subscriber,94115
4679,440,8/29/2013 15:54,59,8/29/2013 16:02,72,397,Subscriber,94110
5013,440,8/29/2013 20:13,59,8/29/2013 20:20,66,617,Customer,95816
5073,440,8/29/2013 21:44,74,8/29/2013 21:52,54,516,Subscriber,94105
4445,441,8/29/2013 12:58,50,8/29/2013 13:06,47,625,Customer,94105
4343,445,8/29/2013 12:14,50,8/29/2013 12:21,63,603,Subscriber,94403
5015,449,8/29/2013 20:13,59,8/29/2013 20:21,66,322,Subscriber,94115
4849,450,8/29/2013 17:53,76,8/29/2013 18:01,70,592,Subscriber,94061
4901,450,8/29/2013 18:26,61,8/29/2013 18:33,68,621,Customer,94608
4958,454,8/29/2013 19:18,2,8/29/2013 19:25,7,91,Subscriber,95126
4967,454,8/29/2013 19:35,7,8/29/2013 19:42,2,91,Subscriber,95126
4199,455,8/29/2013 11:05,73,8/29/2013 11:13,41,409,Customer,95070
4905,459,8/29/2013 18:28,49,8/29/2013 18:35,75,341,Subscriber,94110
4298,460,8/29/2013 12:02,37,8/29/2013 12:10,35,9,Subscriber,94025
4486,460,8/29/2013 13:16,77,8/29/2013 13:24,76,606,Customer,94158
4396,462,8/29/2013 12:36,68,8/29/2013 12:43,64,569,Customer,94133
4536,462,8/29/2013 13:44,39,8/29/2013 13:51,59,316,Customer,94110
4761,462,8/29/2013 17:01,63,8/29/2013 17:09,39,606,Subscriber,94703
4125,464,8/29/2013 10:14,75,8/29/2013 10:22,71,528,Subscriber,94110
4314,464,8/29/2013 12:07,41,8/29/2013 12:14,41,409,Customer,94105
4837,466,8/29/2013 17:46,70,8/29/2013 17:54,65,361,Customer,94107
4301,471,8/29/2013 12:03,69,8/29/2013 12:11,68,522,Subscriber,94117
4860,472,8/29/2013 17:59,58,8/29/2013 18:07,59,367,Subscriber,94703
4442,474,8/29/2013 12:56,46,8/29/2013 13:04,77,607,Subscriber,94107
4936,474,8/29/2013 18:58,51,8/29/2013 19:06,68,318,Subscriber,94105
4483,475,8/29/2013 13:16,77,8/29/2013 13:24,76,333,Customer,94158
4666,475,8/29/2013 15:36,60,8/29/2013 15:44,50,372,Customer,2142
4980,475,8/29/2013 19:40,54,8/29/2013 19:48,49,283,Subscriber,94105
4787,479,8/29/2013 17:12,56,8/29/2013 17:20,76,546,Subscriber,94122
5066,481,8/29/2013 21:35,63,8/29/2013 21:43,74,603,Subscriber,94105
4859,482,8/29/2013 17:59,58,8/29/2013 18:07,59,527,Subscriber,94122
4409,485,8/29/2013 12:42,69,8/29/2013 12:50,69,327,Subscriber,94110
4605,486,8/29/2013 14:36,77,8/29/2013 14:44,71,628,Subscriber,94109
4942,486,8/29/2013 19:05,69,8/29/2013 19:13,65,565,Customer,94107
4809,489,8/29/2013 17:29,39,8/29/2013 17:38,67,632,Subscriber,94103
4678,491,8/29/2013 15:54,60,8/29/2013 16:02,73,570,Customer,8053
5076,491,8/29/2013 21:47,77,8/29/2013 21:55,42,413,Customer,2360
4779,492,8/29/2013 17:11,39,8/29/2013 17:19,41,606,Subscriber,94109
4518,497,8/29/2013 13:35,41,8/29/2013 13:43,62,409,Customer,94105
4123,500,8/29/2013 10:14,73,8/29/2013 10:22,41,503,Subscriber,94115
4321,505,8/29/2013 12:10,77,8/29/2013 12:19,50,625,Subscriber,94110
4304,508,8/29/2013 12:04,58,8/29/2013 12:12,72,374,Subscriber,94109
4710,508,8/29/2013 16:17,50,8/29/2013 16:26,48,386,Subscriber,94103
4420,512,8/29/2013 12:46,65,8/29/2013 12:54,64,498,Subscriber,94110
4627,515,8/29/2013 15:02,42,8/29/2013 15:10,42,425,Customer,94111
4587,519,8/29/2013 14:21,69,8/29/2013 14:30,39,555,Subscriber,94102
4320,520,8/29/2013 12:10,77,8/29/2013 12:19,50,616,Subscriber,94109
4711,522,8/29/2013 16:17,50,8/29/2013 16:26,48,524,Subscriber,94110
4817,523,8/29/2013 17:33,2,8/29/2013 17:42,10,86,Customer,95126
4969,527,8/29/2013 19:36,73,8/29/2013 19:44,55,353,Customer,
4632,530,8/29/2013 15:08,76,8/29/2013 15:17,72,615,Subscriber,94114
5046,531,8/29/2013 20:57,51,8/29/2013 21:05,69,268,Subscriber,94133
4440,534,8/29/2013 12:55,72,8/29/2013 13:04,76,430,Subscriber,94127
4933,535,8/29/2013 18:56,54,8/29/2013 19:05,50,282,Subscriber,94105
4310,537,8/29/2013 12:05,9,8/29/2013 12:14,9,638,Subscriber,95112
5016,537,8/29/2013 20:14,60,8/29/2013 20:23,41,538,Subscriber,94105
5014,538,8/29/2013 20:13,59,8/29/2013 20:22,67,610,Subscriber,94597
4369,540,8/29/2013 12:25,42,8/29/2013 12:34,76,617,Customer,1719
4439,540,8/29/2013 12:55,72,8/29/2013 13:04,76,390,Subscriber,94127
5029,541,8/29/2013 20:29,68,8/29/2013 20:38,70,318,Subscriber,94404
4833,543,8/29/2013 17:45,70,8/29/2013 17:54,77,619,Subscriber,94115
4934,545,8/29/2013 18:56,54,8/29/2013 19:05,50,276,Subscriber,94105
4903,546,8/29/2013 18:26,47,8/29/2013 18:35,73,608,Customer,94103
4762,551,8/29/2013 17:03,39,8/29/2013 17:12,50,435,Customer,8884
4691,553,8/29/2013 16:01,65,8/29/2013 16:11,70,489,Customer,94109
5024,555,8/29/2013 20:25,55,8/29/2013 20:35,76,582,Customer,94109
4419,556,8/29/2013 12:45,5,8/29/2013 12:55,3,671,Subscriber,94536
4776,560,8/29/2013 17:09,67,8/29/2013 17:18,39,410,Subscriber,94103
4902,560,8/29/2013 18:26,47,8/29/2013 18:35,73,625,Customer,94103
5010,561,8/29/2013 20:12,59,8/29/2013 20:21,66,351,Subscriber,94703
4374,563,8/29/2013 12:23,56,8/29/2013 12:32,45,410,Subscriber,94117
4561,563,8/29/2013 13:58,8,8/29/2013 14:07,8,46,Subscriber,95112
4661,563,8/29/2013 15:33,60,8/29/2013 15:42,74,422,Customer,95819
4788,563,8/29/2013 17:16,49,8/29/2013 17:25,60,558,Subscriber,94102
4829,566,8/29/2013 17:42,57,8/29/2013 17:51,51,318,Customer,94501
4478,567,8/29/2013 13:15,45,8/29/2013 13:24,39,386,Subscriber,94102
4865,570,8/29/2013 18:02,47,8/29/2013 18:12,73,381,Subscriber,94114
4405,571,8/29/2013 12:41,77,8/29/2013 12:50,67,319,Subscriber,94103
4282,572,8/29/2013 11:54,70,8/29/2013 12:04,65,538,Customer,37206
4287,572,8/29/2013 11:56,39,8/29/2013 12:06,45,435,Subscriber,94102
4808,572,8/29/2013 17:27,66,8/29/2013 17:37,59,375,Customer,94122
5085,573,8/29/2013 22:06,3,8/29/2013 22:16,13,639,Subscriber,95112
4134,574,8/29/2013 10:19,76,8/29/2013 10:29,64,426,Customer,94117
4367,579,8/29/2013 12:24,58,8/29/2013 12:34,66,520,Subscriber,94122
4524,579,8/29/2013 13:39,63,8/29/2013 13:48,70,358,Subscriber,94117
4834,579,8/29/2013 17:45,70,8/29/2013 17:55,51,615,Customer,94111
4990,579,8/29/2013 19:48,72,8/29/2013 19:58,65,319,Subscriber,94107
4928,582,8/29/2013 18:55,72,8/29/2013 19:05,65,345,Subscriber,94612
4777,585,8/29/2013 17:09,67,8/29/2013 17:18,39,553,Subscriber,94103
4836,585,8/29/2013 17:46,77,8/29/2013 17:55,42,529,Customer,1719
4356,587,8/29/2013 12:18,48,8/29/2013 12:28,49,542,Subscriber,94105
5086,587,8/29/2013 22:06,3,8/29/2013 22:16,13,655,Subscriber,95112
4929,590,8/29/2013 18:55,72,8/29/2013 19:05,65,347,Subscriber,94107
4581,591,8/29/2013 14:14,45,8/29/2013 14:24,50,566,Subscriber,94123
4835,598,8/29/2013 17:45,77,8/29/2013 17:55,42,505,Customer,2360
4531,601,8/29/2013 13:41,39,8/29/2013 13:51,59,432,Subscriber,94102
4912,601,8/29/2013 18:39,41,8/29/2013 18:49,39,560,Subscriber,94103
4706,606,8/29/2013 16:16,50,8/29/2013 16:26,48,370,Subscriber,94117
4366,607,8/29/2013 12:24,58,8/29/2013 12:34,66,525,Subscriber,94703
4398,607,8/29/2013 12:37,66,8/29/2013 12:47,76,377,Subscriber,94117
4610,607,8/29/2013 14:44,68,8/29/2013 14:54,75,550,Customer,94025
5017,607,8/29/2013 20:13,67,8/29/2013 20:24,71,632,Subscriber,94108
4729,608,8/29/2013 16:36,66,8/29/2013 16:46,39,435,Subscriber,94107
4379,610,8/29/2013 12:29,11,8/29/2013 12:39,11,669,Subscriber,95112
4336,611,8/29/2013 12:12,47,8/29/2013 12:22,50,602,Subscriber,94118
4628,611,8/29/2013 15:03,70,8/29/2013 15:13,68,562,Subscriber,94117
4881,611,8/29/2013 18:11,74,8/29/2013 18:21,39,339,Subscriber,94115
4728,612,8/29/2013 16:36,66,8/29/2013 16:46,39,431,Subscriber,94612
4772,612,8/29/2013 17:07,4,8/29/2013 17:17,2,670,Subscriber,94158
4864,614,8/29/2013 18:02,47,8/29/2013 18:13,73,408,Customer,96001
4918,615,8/29/2013 18:46,48,8/29/2013 18:57,49,259,Subscriber,94105
4410,620,8/29/2013 12:42,41,8/29/2013 12:53,75,601,Customer,94103
4795,621,8/29/2013 17:22,56,8/29/2013 17:32,76,626,Customer,
5008,623,8/29/2013 20:12,6,8/29/2013 20:22,9,196,Subscriber,95110
4537,624,8/29/2013 13:45,70,8/29/2013 13:55,76,524,Subscriber,94061
4626,624,8/29/2013 15:02,70,8/29/2013 15:13,68,413,Subscriber,94401
4782,626,8/29/2013 17:12,65,8/29/2013 17:23,69,444,Subscriber,94107
4428,627,8/29/2013 12:53,50,8/29/2013 13:04,47,616,Subscriber,94118
4256,629,8/29/2013 11:32,70,8/29/2013 11:43,54,376,Subscriber,94105
4868,633,8/29/2013 18:04,67,8/29/2013 18:15,77,633,Subscriber,94703
4360,637,8/29/2013 12:21,66,8/29/2013 12:32,76,636,Subscriber,94117
4724,637,8/29/2013 16:34,66,8/29/2013 16:44,57,320,Subscriber,94107
4499,638,8/29/2013 13:25,48,8/29/2013 13:36,76,529,Subscriber,94114
4889,638,8/29/2013 18:18,63,8/29/2013 18:29,64,637,Subscriber,94114
4684,640,8/29/2013 15:58,67,8/29/2013 16:08,69,398,Subscriber,94115
4814,641,8/29/2013 17:32,71,8/29/2013 17:43,50,391,Subscriber,94117
4848,642,8/29/2013 17:53,39,8/29/2013 18:04,70,416,Customer,90019
4937,642,8/29/2013 18:59,71,8/29/2013 19:10,68,487,Customer,94108
5087,643,8/29/2013 22:07,3,8/29/2013 22:18,2,664,Customer,95126
4885,644,8/29/2013 18:14,66,8/29/2013 18:25,69,514,Subscriber,94103
5005,645,8/29/2013 20:06,76,8/29/2013 20:17,66,584,Subscriber,94110
4462,646,8/29/2013 13:07,42,8/29/2013 13:18,75,543,Subscriber,94109
4525,650,8/29/2013 13:39,63,8/29/2013 13:50,70,359,Subscriber,94401
4543,650,8/29/2013 13:50,45,8/29/2013 14:00,45,435,Subscriber,94115
4723,654,8/29/2013 16:33,66,8/29/2013 16:44,57,379,Subscriber,94109
4285,657,8/29/2013 11:56,50,8/29/2013 12:07,48,338,Subscriber,94608
4413,659,8/29/2013 12:43,47,8/29/2013 12:54,42,476,Customer,94115
5104,661,8/29/2013 23:00,63,8/29/2013 23:11,65,348,Customer,37206
4987,662,8/29/2013 19:45,9,8/29/2013 19:56,6,686,Subscriber,95110
4806,663,8/29/2013 17:27,39,8/29/2013 17:38,67,431,Subscriber,94103
5031,664,8/29/2013 20:32,65,8/29/2013 20:44,39,568,Subscriber,94103
5101,666,8/29/2013 22:51,46,8/29/2013 23:02,39,474,Subscriber,94102
4538,668,8/29/2013 13:45,65,8/29/2013 13:56,61,565,Customer,94121
4674,671,8/29/2013 15:48,71,8/29/2013 15:59,50,395,Customer,77520
5106,672,8/29/2013 23:16,60,8/29/2013 23:27,51,558,Subscriber,94105
4349,674,8/29/2013 12:15,9,8/29/2013 12:26,12,46,Subscriber,95112
4649,676,8/29/2013 15:26,39,8/29/2013 15:38,50,626,Subscriber,94103
4797,677,8/29/2013 17:22,49,8/29/2013 17:33,70,361,Customer,94107
4446,678,8/29/2013 13:00,75,8/29/2013 13:11,72,540,Customer,94103
4648,679,8/29/2013 15:26,39,8/29/2013 15:38,50,490,Subscriber,94110
4878,679,8/29/2013 18:09,77,8/29/2013 18:21,58,578,Customer,
5059,679,8/29/2013 21:14,73,8/29/2013 21:26,71,391,Customer,85224
4651,684,8/29/2013 15:26,39,8/29/2013 15:38,50,386,Subscriber,94122
4676,684,8/29/2013 15:49,65,8/29/2013 16:01,72,417,Subscriber,94109
5020,684,8/29/2013 20:22,70,8/29/2013 20:34,72,334,Subscriber,94114
4887,685,8/29/2013 18:15,50,8/29/2013 18:26,39,570,Customer,8884
4406,687,8/29/2013 12:41,74,8/29/2013 12:53,60,561,Subscriber,94109
4136,688,8/29/2013 10:20,27,8/29/2013 10:31,27,149,Customer,92545
4552,688,8/29/2013 13:54,76,8/29/2013 14:06,48,562,Subscriber,94114
4407,690,8/29/2013 12:41,74,8/29/2013 12:53,60,556,Subscriber,94121
5009,690,8/29/2013 20:12,59,8/29/2013 20:23,67,367,Subscriber,94703
5043,691,8/29/2013 20:46,54,8/29/2013 20:58,50,286,Subscriber,94087
4460,693,8/29/2013 13:08,61,8/29/2013 13:20,50,314,Customer,94608
4556,693,8/29/2013 13:56,41,8/29/2013 14:08,72,496,Subscriber,94110
5108,694,8/29/2013 23:57,71,8/30/2013 0:09,61,477,Subscriber,94107
4562,696,8/29/2013 14:00,50,8/29/2013 14:12,61,588,Customer,94608
4624,697,8/29/2013 15:01,35,8/29/2013 15:13,36,168,Customer,94306
4644,698,8/29/2013 15:20,76,8/29/2013 15:32,50,617,Subscriber,94122
4350,701,8/29/2013 12:16,41,8/29/2013 12:27,47,394,Customer,94612
4403,702,8/29/2013 12:40,72,8/29/2013 12:52,74,576,Subscriber,94065
4522,702,8/29/2013 13:37,68,8/29/2013 13:49,66,554,Subscriber,94117
4874,704,8/29/2013 18:07,3,8/29/2013 18:19,8,671,Subscriber,94116
5058,704,8/29/2013 21:14,73,8/29/2013 21:26,71,284,Customer,85224
4642,710,8/29/2013 15:20,76,8/29/2013 15:32,50,333,Subscriber,94117
4643,710,8/29/2013 15:20,76,8/29/2013 15:32,50,524,Subscriber,94061
4466,711,8/29/2013 13:06,75,8/29/2013 13:18,55,537,Subscriber,94123
4243,720,8/29/2013 11:26,70,8/29/2013 11:38,70,538,Subscriber,94117
4346,724,8/29/2013 12:14,51,8/29/2013 12:26,70,267,Subscriber,94127
4872,726,8/29/2013 18:06,50,8/29/2013 18:19,73,391,Customer,94133
5054,727,8/29/2013 21:05,76,8/29/2013 21:17,41,582,Customer,10014
4503,728,8/29/2013 13:29,64,8/29/2013 13:41,48,331,Subscriber,94110
4823,733,8/29/2013 17:37,57,8/29/2013 17:50,67,633,Customer,94062
4979,747,8/29/2013 19:40,50,8/29/2013 19:52,72,337,Subscriber,94117
4586,748,8/29/2013 14:17,69,8/29/2013 14:30,39,541,Customer,
4425,752,8/29/2013 12:51,75,8/29/2013 13:04,75,586,Subscriber,94117
4545,752,8/29/2013 13:50,45,8/29/2013 14:02,60,461,Customer,2142
4652,753,8/29/2013 15:28,73,8/29/2013 15:40,68,504,Customer,94025
5083,755,8/29/2013 22:05,64,8/29/2013 22:18,50,270,Subscriber,94105
4842,756,8/29/2013 17:48,22,8/29/2013 18:01,21,159,Subscriber,94070
5045,757,8/29/2013 20:51,70,8/29/2013 21:03,69,416,Subscriber,94109
4277,759,8/29/2013 11:50,58,8/29/2013 12:03,47,514,Subscriber,94117
4670,759,8/29/2013 15:40,59,8/29/2013 15:53,77,539,Customer,94112
4288,760,8/29/2013 11:57,49,8/29/2013 12:10,76,562,Subscriber,94110
4519,763,8/29/2013 13:36,9,8/29/2013 13:48,6,657,Customer,95020
4080,764,8/29/2013 9:36,66,8/29/2013 9:49,69,315,Subscriber,94117
4803,764,8/29/2013 17:24,77,8/29/2013 17:37,66,539,Subscriber,94114
4339,765,8/29/2013 12:12,49,8/29/2013 12:25,50,568,Subscriber,94112
4340,767,8/29/2013 12:13,35,8/29/2013 12:26,36,163,Subscriber,94040
4404,768,8/29/2013 12:40,39,8/29/2013 12:53,72,430,Subscriber,94117
4973,768,8/29/2013 19:38,73,8/29/2013 19:51,47,442,Customer,2151
4832,776,8/29/2013 17:44,77,8/29/2013 17:57,70,613,Subscriber,94070
4444,777,8/29/2013 12:57,11,8/29/2013 13:10,2,107,Subscriber,95126
4703,778,8/29/2013 16:15,50,8/29/2013 16:28,76,584,Subscriber,94122
4838,778,8/29/2013 17:46,28,8/29/2013 17:59,27,129,Customer,94040
4851,783,8/29/2013 17:55,56,8/29/2013 18:08,73,442,Subscriber,94597
4358,784,8/29/2013 12:20,51,8/29/2013 12:33,56,273,Subscriber,94597
4877,792,8/29/2013 18:09,47,8/29/2013 18:23,66,622,Subscriber,94110
4671,797,8/29/2013 15:44,66,8/29/2013 15:57,77,267,Subscriber,94945
4945,797,8/29/2013 19:08,62,8/29/2013 19:21,48,406,Customer,94105
4752,799,8/29/2013 16:58,68,8/29/2013 17:11,65,504,Subscriber,94107
4899,802,8/29/2013 18:24,54,8/29/2013 18:37,55,376,Subscriber,94404
4702,804,8/29/2013 16:14,50,8/29/2013 16:27,76,592,Subscriber,94061
4739,809,8/29/2013 16:44,47,8/29/2013 16:58,60,616,Customer,94117
5079,809,8/29/2013 22:01,48,8/29/2013 22:14,41,538,Customer,8540
4736,812,8/29/2013 16:42,65,8/29/2013 16:56,65,395,Customer,77520
5012,812,8/29/2013 20:13,50,8/29/2013 20:26,60,448,Customer,85224
4820,813,8/29/2013 17:35,62,8/29/2013 17:48,65,409,Subscriber,94107
4873,813,8/29/2013 18:07,55,8/29/2013 18:20,73,353,Customer,
4526,814,8/29/2013 13:39,76,8/29/2013 13:53,66,431,Subscriber,94127
4939,816,8/29/2013 19:01,62,8/29/2013 19:14,50,539,Subscriber,94103
4541,817,8/29/2013 13:49,48,8/29/2013 14:03,77,488,Subscriber,94608
5030,818,8/29/2013 20:29,69,8/29/2013 20:43,41,544,Customer,10010
4681,819,8/29/2013 15:55,47,8/29/2013 16:09,71,373,Subscriber,94122
4390,825,8/29/2013 12:33,62,8/29/2013 12:47,64,331,Subscriber,94518
4685,826,8/29/2013 15:58,41,8/29/2013 16:12,72,315,Customer,90019
4931,826,8/29/2013 18:56,71,8/29/2013 19:10,68,466,Customer,
4946,827,8/29/2013 19:07,62,8/29/2013 19:21,48,342,Customer,94105
4701,828,8/29/2013 16:14,50,8/29/2013 16:27,76,372,Subscriber,94122
4591,832,8/29/2013 14:30,8,8/29/2013 14:43,13,188,Subscriber,95112
4451,834,8/29/2013 13:02,50,8/29/2013 13:16,41,618,Subscriber,94115
5011,834,8/29/2013 20:13,50,8/29/2013 20:26,60,327,Customer,85224
4972,837,8/29/2013 19:38,73,8/29/2013 19:52,47,408,Customer,96001
4938,840,8/29/2013 19:01,62,8/29/2013 19:15,50,607,Subscriber,94103
4997,841,8/29/2013 19:57,2,8/29/2013 20:11,10,58,Subscriber,95112
4523,844,8/29/2013 13:38,76,8/29/2013 13:53,66,489,Subscriber,94127
4857,844,8/29/2013 17:58,66,8/29/2013 18:12,62,607,Subscriber,94103
4756,845,8/29/2013 17:00,49,8/29/2013 17:14,70,381,Subscriber,94010
4858,845,8/29/2013 17:58,66,8/29/2013 18:12,62,539,Subscriber,94103
4853,849,8/29/2013 17:55,65,8/29/2013 18:09,58,411,Customer,94118
4507,850,8/29/2013 13:31,45,8/29/2013 13:45,67,392,Subscriber,10009
4645,850,8/29/2013 15:20,64,8/29/2013 15:35,70,288,Subscriber,94109
4544,852,8/29/2013 13:49,36,8/29/2013 14:03,37,20,Customer,94306
4774,852,8/29/2013 17:08,77,8/29/2013 17:22,66,375,Subscriber,94122
4975,852,8/29/2013 19:39,73,8/29/2013 19:53,45,625,Subscriber,94131
4380,853,8/29/2013 12:29,69,8/29/2013 12:44,67,574,Subscriber,94127
4964,853,8/29/2013 19:32,75,8/29/2013 19:46,65,378,Customer,94109
5026,857,8/29/2013 20:27,65,8/29/2013 20:42,65,345,Subscriber,94107
4614,863,8/29/2013 14:52,63,8/29/2013 15:06,67,351,Subscriber,94612
4620,865,8/29/2013 14:58,63,8/29/2013 15:13,68,348,Subscriber,94114
4593,867,8/29/2013 14:30,70,8/29/2013 14:44,58,267,Subscriber,94115
4846,867,8/29/2013 17:51,45,8/29/2013 18:05,45,324,Customer,94102
4869,870,8/29/2013 18:06,49,8/29/2013 18:21,57,404,Subscriber,94105
4391,873,8/29/2013 12:33,66,8/29/2013 12:48,65,369,Subscriber,94549
4352,874,8/29/2013 12:16,66,8/29/2013 12:31,77,387,Subscriber,94117
4974,877,8/29/2013 19:38,73,8/29/2013 19:53,45,636,Subscriber,94131
4713,878,8/29/2013 16:20,70,8/29/2013 16:35,66,431,Customer,94102
4804,878,8/29/2013 17:24,60,8/29/2013 17:39,56,395,Customer,77520
4907,879,8/29/2013 18:31,70,8/29/2013 18:46,45,579,Subscriber,94102
4940,879,8/29/2013 19:03,56,8/29/2013 19:17,66,395,Subscriber,94102
4375,880,8/29/2013 12:26,36,8/29/2013 12:41,35,161,Subscriber,94040
4573,882,8/29/2013 14:09,8,8/29/2013 14:24,8,188,Subscriber,95112
4654,882,8/29/2013 15:28,72,8/29/2013 15:43,65,615,Subscriber,94112
4275,883,8/29/2013 11:43,75,8/29/2013 11:57,66,626,Subscriber,94107
4395,885,8/29/2013 12:35,73,8/29/2013 12:49,47,505,Customer,94108
4935,885,8/29/2013 18:57,63,8/29/2013 19:12,66,360,Subscriber,94110
5090,892,8/29/2013 22:11,73,8/29/2013 22:26,65,634,Customer,94107
4737,897,8/29/2013 16:43,66,8/29/2013 16:58,39,416,Customer,94110
4319,899,8/29/2013 12:10,66,8/29/2013 12:25,56,546,Subscriber,94107
4991,902,8/29/2013 19:48,67,8/29/2013 20:03,76,536,Subscriber,94110
4734,905,8/29/2013 16:41,66,8/29/2013 16:56,50,448,Subscriber,94122
4781,908,8/29/2013 17:12,45,8/29/2013 17:27,61,621,Customer,94158
4214,909,8/29/2013 11:15,73,8/29/2013 11:30,47,476,Customer,20002
5027,912,8/29/2013 20:28,69,8/29/2013 20:43,41,514,Customer,10012
4494,913,8/29/2013 13:19,45,8/29/2013 13:34,67,506,Customer,
4742,914,8/29/2013 16:47,74,8/29/2013 17:02,70,511,Subscriber,94111
4690,918,8/29/2013 16:01,50,8/29/2013 16:16,60,395,Customer,77520
4618,919,8/29/2013 14:58,66,8/29/2013 15:13,69,489,Subscriber,94556
4449,926,8/29/2013 13:01,60,8/29/2013 13:16,48,579,Customer,
4976,926,8/29/2013 19:39,41,8/29/2013 19:55,69,544,Customer,94107
4845,929,8/29/2013 17:50,39,8/29/2013 18:05,70,574,Customer,
4213,931,8/29/2013 11:14,73,8/29/2013 11:30,47,473,Customer,20002
4764,931,8/29/2013 17:04,11,8/29/2013 17:19,2,91,Customer,94110
5000,932,8/29/2013 19:59,69,8/29/2013 20:15,66,444,Customer,94702
4971,936,8/29/2013 19:36,73,8/29/2013 19:52,76,309,Subscriber,94597
4617,939,8/29/2013 14:57,66,8/29/2013 15:13,69,431,Subscriber,94618
4926,941,8/29/2013 18:53,57,8/29/2013 19:09,70,521,Customer,94158
4925,943,8/29/2013 18:53,57,8/29/2013 19:09,70,334,Customer,94158
4780,948,8/29/2013 17:11,77,8/29/2013 17:27,66,607,Subscriber,94117
4453,949,8/29/2013 13:04,60,8/29/2013 13:20,45,461,Customer,94109
4397,950,8/29/2013 12:36,61,8/29/2013 12:52,74,312,Customer,95819
4601,953,8/29/2013 14:33,29,8/29/2013 14:49,28,165,Subscriber,94301
4497,954,8/29/2013 13:19,50,8/29/2013 13:35,70,568,Customer,94597
4771,956,8/29/2013 17:07,77,8/29/2013 17:23,66,514,Customer,10514
4683,960,8/29/2013 15:57,45,8/29/2013 16:13,66,435,Subscriber,94102
4633,963,8/29/2013 15:09,63,8/29/2013 15:25,59,388,Customer,94112
4687,967,8/29/2013 16:00,48,8/29/2013 16:16,77,514,Customer,10514
4585,968,8/29/2013 14:17,58,8/29/2013 14:33,64,438,Subscriber,94110
4289,970,8/29/2013 11:58,74,8/29/2013 12:14,74,570,Subscriber,94109
4943,970,8/29/2013 19:06,42,8/29/2013 19:22,59,421,Subscriber,94111
4886,971,8/29/2013 18:14,49,8/29/2013 18:31,72,345,Subscriber,94117
4665,972,8/29/2013 15:36,6,8/29/2013 15:52,6,146,Subscriber,94041
4740,976,8/29/2013 16:45,54,8/29/2013 17:01,47,284,Customer,2142
5041,976,8/29/2013 20:42,65,8/29/2013 20:58,65,347,Subscriber,94107
4210,980,8/29/2013 11:13,69,8/29/2013 11:30,66,319,Subscriber,94118
4431,980,8/29/2013 12:54,71,8/29/2013 13:10,47,507,Subscriber,94109
4757,981,8/29/2013 17:00,56,8/29/2013 17:17,60,273,Customer,43214
4426,982,8/29/2013 12:52,64,8/29/2013 13:08,64,593,Subscriber,94117
4569,987,8/29/2013 14:06,66,8/29/2013 14:22,74,317,Customer,94102
4790,989,8/29/2013 17:17,67,8/29/2013 17:34,74,598,Customer,94597
5038,994,8/29/2013 20:36,2,8/29/2013 20:53,12,91,Subscriber,95126
4079,995,8/29/2013 9:35,66,8/29/2013 9:52,66,327,Subscriber,94102
4984,998,8/29/2013 19:43,51,8/29/2013 19:59,73,260,Subscriber,94105
4635,999,8/29/2013 15:09,60,8/29/2013 15:26,74,461,Customer,32836
4308,1000,8/29/2013 12:04,22,8/29/2013 12:21,22,159,Subscriber,94061
4983,1009,8/29/2013 19:42,51,8/29/2013 19:59,73,265,Subscriber,94105
4948,1010,8/29/2013 19:10,60,8/29/2013 19:27,71,492,Customer,94609
4568,1013,8/29/2013 14:06,66,8/29/2013 14:22,74,525,Customer,94102
4491,1015,8/29/2013 13:18,65,8/29/2013 13:35,66,438,Subscriber,94549
4861,1015,8/29/2013 18:00,47,8/29/2013 18:17,59,498,Subscriber,94118
4862,1015,8/29/2013 18:00,47,8/29/2013 18:17,59,610,Subscriber,94118
5007,1016,8/29/2013 20:11,33,8/29/2013 20:28,33,11,Customer,94040
4512,1024,8/29/2013 13:32,50,8/29/2013 13:49,48,314,Subscriber,94608
4746,1024,8/29/2013 16:53,50,8/29/2013 17:11,67,617,Subscriber,94134
4813,1030,8/29/2013 17:31,67,8/29/2013 17:48,60,464,Customer,94117
4254,1032,8/29/2013 11:31,69,8/29/2013 11:48,69,541,Customer,94117
4121,1040,8/29/2013 10:13,35,8/29/2013 10:31,36,13,Subscriber,94303
4485,1040,8/29/2013 13:16,45,8/29/2013 13:34,67,410,Customer,94117
4775,1046,8/29/2013 17:08,49,8/29/2013 17:26,60,343,Customer,94607
4688,1047,8/29/2013 16:00,49,8/29/2013 16:17,72,347,Customer,94109
4438,1050,8/29/2013 12:55,50,8/29/2013 13:12,77,594,Customer,94709
4437,1052,8/29/2013 12:55,50,8/29/2013 13:12,77,578,Subscriber,94110
4268,1055,8/29/2013 11:40,67,8/29/2013 11:57,56,324,Subscriber,94127
4852,1055,8/29/2013 17:55,47,8/29/2013 18:13,73,284,Customer,2151
5091,1061,8/29/2013 22:11,27,8/29/2013 22:29,27,56,Subscriber,94041
4629,1065,8/29/2013 15:03,42,8/29/2013 15:20,66,356,Subscriber,94127
4995,1065,8/29/2013 19:53,67,8/29/2013 20:11,56,557,Subscriber,94609
4206,1066,8/29/2013 11:09,67,8/29/2013 11:27,74,632,Customer,98034
4073,1067,8/29/2013 9:24,66,8/29/2013 9:42,69,321,Subscriber,94703
4244,1071,8/29/2013 11:26,70,8/29/2013 11:44,58,572,Subscriber,94122
4733,1072,8/29/2013 16:40,47,8/29/2013 16:58,60,538,Customer,94114
4956,1072,8/29/2013 19:15,50,8/29/2013 19:33,66,510,Subscriber,94103
5049,1075,8/29/2013 21:00,3,8/29/2013 21:18,4,68,Customer,
4555,1077,8/29/2013 13:55,68,8/29/2013 14:13,75,557,Customer,94702
4888,1077,8/29/2013 18:16,61,8/29/2013 18:34,73,309,Customer,94121
4580,1081,8/29/2013 14:14,66,8/29/2013 14:32,50,370,Subscriber,94127
4373,1083,8/29/2013 12:22,34,8/29/2013 12:40,35,83,Subscriber,94117
4433,1083,8/29/2013 12:54,50,8/29/2013 13:12,77,613,Subscriber,94109
4511,1088,8/29/2013 13:32,36,8/29/2013 13:50,35,93,Customer,10003
4847,1088,8/29/2013 17:51,75,8/29/2013 18:09,67,557,Subscriber,94109
4365,1094,8/29/2013 12:24,14,8/29/2013 12:42,14,647,Subscriber,95126
5068,1096,8/29/2013 21:40,48,8/29/2013 21:58,72,571,Customer,
4916,1097,8/29/2013 18:45,74,8/29/2013 19:03,66,598,Subscriber,94111
4826,1098,8/29/2013 17:38,45,8/29/2013 17:57,70,384,Subscriber,94107
4767,1101,8/29/2013 17:05,65,8/29/2013 17:23,60,395,Customer,77520
4279,1105,8/29/2013 11:53,47,8/29/2013 12:12,47,602,Subscriber,94114
4432,1107,8/29/2013 12:54,50,8/29/2013 13:13,77,333,Subscriber,94110
5048,1107,8/29/2013 21:00,3,8/29/2013 21:18,4,188,Customer,
4821,1109,8/29/2013 17:36,67,8/29/2013 17:55,70,392,Subscriber,94134
4307,1110,8/29/2013 12:04,75,8/29/2013 12:23,75,600,Subscriber,94109
4509,1111,8/29/2013 13:31,36,8/29/2013 13:50,35,87,Customer,10003
4993,1112,8/29/2013 19:53,51,8/29/2013 20:11,60,330,Subscriber,94105
4075,1117,8/29/2013 9:24,66,8/29/2013 9:43,69,316,Subscriber,94122
4076,1118,8/29/2013 9:25,66,8/29/2013 9:43,69,322,Subscriber,94597
4727,1126,8/29/2013 16:35,60,8/29/2013 16:54,46,556,Customer,19714
4484,1127,8/29/2013 13:16,45,8/29/2013 13:35,67,416,Subscriber,94703
4682,1129,8/29/2013 15:55,41,8/29/2013 16:14,70,382,Customer,94115
4074,1131,8/29/2013 9:24,66,8/29/2013 9:43,69,317,Subscriber,94115
4819,1133,8/29/2013 17:34,35,8/29/2013 17:52,36,16,Customer,10003
4487,1136,8/29/2013 13:17,45,8/29/2013 13:35,67,448,Subscriber,94609
4708,1137,8/29/2013 16:16,70,8/29/2013 16:35,70,580,Customer,94115
4707,1138,8/29/2013 16:16,70,8/29/2013 16:35,70,602,Customer,94115
4726,1140,8/29/2013 16:35,60,8/29/2013 16:54,46,493,Customer,19714
4747,1140,8/29/2013 16:55,65,8/29/2013 17:14,39,632,Subscriber,94805
4712,1142,8/29/2013 16:20,60,8/29/2013 16:39,65,395,Customer,77520
4843,1147,8/29/2013 17:50,77,8/29/2013 18:09,75,547,Customer,94112
5094,1149,8/29/2013 22:13,49,8/29/2013 22:33,73,283,Customer,92648
4219,1150,8/29/2013 11:18,70,8/29/2013 11:37,72,597,Subscriber,97214
4692,1150,8/29/2013 16:02,56,8/29/2013 16:21,66,320,Subscriber,94107
4658,1152,8/29/2013 15:31,45,8/29/2013 15:50,45,435,Customer,94122
4664,1157,8/29/2013 15:35,77,8/29/2013 15:54,77,470,Customer,94112
4359,1159,8/29/2013 12:21,66,8/29/2013 12:40,74,516,Subscriber,94121
4856,1159,8/29/2013 17:57,48,8/29/2013 18:16,66,491,Subscriber,94114
4479,1161,8/29/2013 13:16,45,8/29/2013 13:35,67,379,Subscriber,94122
4345,1162,8/29/2013 12:14,67,8/29/2013 12:33,45,319,Subscriber,94103
4900,1168,8/29/2013 18:25,76,8/29/2013 18:45,60,377,Customer,
5056,1171,8/29/2013 21:09,41,8/29/2013 21:29,54,538,Customer,8540
5039,1174,8/29/2013 20:42,73,8/29/2013 21:02,51,260,Subscriber,94105
4680,1176,8/29/2013 15:55,41,8/29/2013 16:14,70,619,Customer,94115
4693,1177,8/29/2013 16:03,75,8/29/2013 16:23,77,586,Customer,94112
4818,1177,8/29/2013 17:33,35,8/29/2013 17:53,36,87,Customer,10003
4992,1189,8/29/2013 19:52,70,8/29/2013 20:12,39,574,Customer,95014
4311,1191,8/29/2013 12:05,69,8/29/2013 12:25,75,518,Customer,94158
4619,1201,8/29/2013 14:58,66,8/29/2013 15:18,56,587,Subscriber,94114
4506,1206,8/29/2013 13:31,36,8/29/2013 13:51,34,163,Subscriber,94301
4954,1210,8/29/2013 19:15,50,8/29/2013 19:35,66,394,Subscriber,94103
4372,1211,8/29/2013 12:25,76,8/29/2013 12:45,60,459,Customer,20002
4515,1211,8/29/2013 13:33,74,8/29/2013 13:53,58,623,Customer,
4116,1213,8/29/2013 10:11,35,8/29/2013 10:32,36,83,Subscriber,95112
4909,1220,8/29/2013 18:36,57,8/29/2013 18:57,48,404,Subscriber,94103
4514,1224,8/29/2013 13:33,74,8/29/2013 13:53,58,632,Customer,
4368,1241,8/29/2013 12:25,76,8/29/2013 12:45,60,488,Customer,20002
4891,1244,8/29/2013 18:20,50,8/29/2013 18:41,50,510,Customer,94707
4966,1245,8/29/2013 19:32,47,8/29/2013 19:53,70,535,Customer,94123
4735,1247,8/29/2013 16:41,77,8/29/2013 17:02,60,267,Customer,60614
4672,1251,8/29/2013 15:44,50,8/29/2013 16:05,70,583,Subscriber,94122
5040,1253,8/29/2013 20:42,73,8/29/2013 21:03,51,265,Subscriber,94105
5092,1253,8/29/2013 22:12,49,8/29/2013 22:33,73,282,Customer,78209
4827,1258,8/29/2013 17:38,70,8/29/2013 17:59,47,381,Subscriber,94118
4913,1263,8/29/2013 18:41,70,8/29/2013 19:02,76,511,Subscriber,94109
4160,1271,8/29/2013 10:42,10,8/29/2013 11:03,10,680,Subscriber,95112
4164,1276,8/29/2013 10:47,10,8/29/2013 11:09,10,30,Subscriber,95060
5103,1278,8/29/2013 22:54,51,8/29/2013 23:16,60,260,Subscriber,94105
4662,1279,8/29/2013 15:33,77,8/29/2013 15:55,77,375,Customer,94117
4284,1281,8/29/2013 11:55,50,8/29/2013 12:17,60,584,Customer,
4546,1288,8/29/2013 13:52,74,8/29/2013 14:13,60,570,Customer,95819
4305,1292,8/29/2013 12:04,58,8/29/2013 12:25,74,634,Customer,
4351,1298,8/29/2013 12:16,67,8/29/2013 12:37,41,496,Customer,
4457,1301,8/29/2013 13:05,69,8/29/2013 13:27,48,327,Customer,77459
4303,1305,8/29/2013 12:03,58,8/29/2013 12:25,74,523,Customer,
4656,1306,8/29/2013 15:29,50,8/29/2013 15:51,70,602,Customer,94102
4394,1309,8/29/2013 12:34,12,8/29/2013 12:56,8,46,Subscriber,95112
4924,1313,8/29/2013 18:52,13,8/29/2013 19:14,8,25,Subscriber,95112
4461,1314,8/29/2013 13:07,42,8/29/2013 13:29,67,598,Subscriber,94121
4335,1321,8/29/2013 12:11,76,8/29/2013 12:33,48,494,Customer,
4963,1323,8/29/2013 19:24,48,8/29/2013 19:46,66,342,Customer,94117
4866,1326,8/29/2013 18:03,73,8/29/2013 18:25,66,443,Subscriber,94122
4895,1326,8/29/2013 18:23,76,8/29/2013 18:45,60,538,Customer,
4328,1328,8/29/2013 12:11,67,8/29/2013 12:33,45,448,Subscriber,94122
4923,1329,8/29/2013 18:52,13,8/29/2013 19:14,8,70,Subscriber,95112
4759,1339,8/29/2013 17:01,77,8/29/2013 17:23,66,614,Customer,10514
4947,1339,8/29/2013 19:08,60,8/29/2013 19:30,54,512,Subscriber,94115
5037,1345,8/29/2013 20:36,9,8/29/2013 20:59,3,68,Customer,
4293,1346,8/29/2013 12:00,50,8/29/2013 12:22,60,579,Customer,39110
4653,1349,8/29/2013 15:29,50,8/29/2013 15:51,70,580,Customer,94102
4252,1350,8/29/2013 11:30,69,8/29/2013 11:52,48,321,Subscriber,94114
4234,1351,8/29/2013 11:19,69,8/29/2013 11:42,66,317,Subscriber,94124
4292,1373,8/29/2013 11:59,50,8/29/2013 12:22,60,356,Customer,39110
4332,1373,8/29/2013 12:12,67,8/29/2013 12:35,45,416,Subscriber,94703
4100,1392,8/29/2013 9:57,66,8/29/2013 10:20,69,319,Subscriber,94118
4323,1397,8/29/2013 12:10,66,8/29/2013 12:34,66,626,Subscriber,94115
4951,1409,8/29/2013 19:13,62,8/29/2013 19:36,45,380,Customer,97330
5089,1423,8/29/2013 22:09,49,8/29/2013 22:33,73,259,Customer,78209
4769,1424,8/29/2013 17:06,73,8/29/2013 17:29,50,570,Customer,39110
4950,1424,8/29/2013 19:12,57,8/29/2013 19:35,50,508,Subscriber,94707
4342,1431,8/29/2013 12:13,67,8/29/2013 12:37,41,502,Customer,94117
4315,1432,8/29/2013 12:07,65,8/29/2013 12:31,57,538,Customer,37206
4327,1438,8/29/2013 12:11,67,8/29/2013 12:35,46,575,Subscriber,94609
4318,1439,8/29/2013 12:07,48,8/29/2013 12:31,50,618,Subscriber,94608
4534,1439,8/29/2013 13:43,9,8/29/2013 14:07,9,644,Customer,95125
4623,1445,8/29/2013 15:01,60,8/29/2013 15:25,74,511,Customer,30096
4297,1451,8/29/2013 12:01,69,8/29/2013 12:25,75,315,Customer,94158
4611,1462,8/29/2013 14:46,47,8/29/2013 15:11,48,514,Customer,8053
4978,1475,8/29/2013 19:40,7,8/29/2013 20:04,7,143,Subscriber,95113
4977,1481,8/29/2013 19:40,7,8/29/2013 20:04,7,676,Subscriber,95113
4892,1492,8/29/2013 18:21,57,8/29/2013 18:46,48,577,Subscriber,94105
4452,1494,8/29/2013 13:02,69,8/29/2013 13:27,48,259,Customer,77459
4989,1499,8/29/2013 19:47,68,8/29/2013 20:12,71,466,Customer,
4221,1500,8/29/2013 11:18,70,8/29/2013 11:43,66,546,Subscriber,94123
5034,1511,8/29/2013 20:34,9,8/29/2013 20:59,3,188,Customer,
4598,1512,8/29/2013 14:31,68,8/29/2013 14:56,60,372,Customer,19714
4316,1515,8/29/2013 12:07,47,8/29/2013 12:32,47,514,Subscriber,94122
4949,1524,8/29/2013 19:11,62,8/29/2013 19:36,45,400,Customer,94107
4217,1535,8/29/2013 11:17,70,8/29/2013 11:42,66,370,Subscriber,94703
4583,1536,8/29/2013 14:15,65,8/29/2013 14:40,57,318,Customer,94110
4988,1539,8/29/2013 19:47,68,8/29/2013 20:12,71,487,Customer,94108
4597,1541,8/29/2013 14:31,68,8/29/2013 14:56,60,511,Customer,19714
5022,1569,8/29/2013 20:24,48,8/29/2013 20:51,61,338,Customer,94107
5023,1569,8/29/2013 20:25,48,8/29/2013 20:51,61,386,Customer,
4477,1578,8/29/2013 13:14,67,8/29/2013 13:41,39,574,Customer,94107
4547,1580,8/29/2013 13:52,2,8/29/2013 14:18,10,107,Customer,94306
4218,1593,8/29/2013 11:17,70,8/29/2013 11:43,66,377,Subscriber,94114
4825,1605,8/29/2013 17:38,60,8/29/2013 18:05,76,538,Customer,43214
4422,1682,8/29/2013 12:47,76,8/29/2013 13:15,60,425,Customer,2360
4567,1684,8/29/2013 14:04,64,8/29/2013 14:33,64,569,Subscriber,94117
4564,1693,8/29/2013 14:04,64,8/29/2013 14:32,64,272,Subscriber,94005
4566,1699,8/29/2013 14:04,64,8/29/2013 14:33,64,371,Subscriber,94122
5053,1701,8/29/2013 21:04,51,8/29/2013 21:32,51,269,Subscriber,94105
4283,1712,8/29/2013 11:55,41,8/29/2013 12:23,50,544,Subscriber,94070
4650,1716,8/29/2013 15:26,50,8/29/2013 15:55,48,566,Customer,10514
5052,1719,8/29/2013 21:04,51,8/29/2013 21:33,51,555,Subscriber,94105
4589,1723,8/29/2013 14:25,48,8/29/2013 14:54,70,562,Customer,77459
4421,1724,8/29/2013 12:47,76,8/29/2013 13:16,60,636,Customer,1719
5063,1725,8/29/2013 21:31,54,8/29/2013 22:00,48,538,Customer,8540
4908,1731,8/29/2013 18:34,54,8/29/2013 19:03,60,512,Subscriber,94115
4588,1751,8/29/2013 14:24,48,8/29/2013 14:53,70,579,Customer,77459
4402,1776,8/29/2013 12:39,61,8/29/2013 13:09,51,313,Customer,95126
4960,1790,8/29/2013 19:20,21,8/29/2013 19:50,21,261,Customer,94063
4364,1800,8/29/2013 12:24,66,8/29/2013 12:54,77,547,Subscriber,10009
4898,1804,8/29/2013 18:24,47,8/29/2013 18:54,67,536,Customer,94102
4755,1808,8/29/2013 17:00,60,8/29/2013 17:30,47,616,Customer,94114
4551,1817,8/29/2013 13:54,34,8/29/2013 14:24,29,165,Subscriber,94301
4753,1830,8/29/2013 16:59,60,8/29/2013 17:30,47,427,Customer,94117
4778,1849,8/29/2013 17:09,41,8/29/2013 17:40,42,618,Subscriber,94115
4919,1879,8/29/2013 18:48,60,8/29/2013 19:19,42,377,Customer,
4920,1880,8/29/2013 18:48,60,8/29/2013 19:19,42,459,Customer,
5021,1899,8/29/2013 20:24,51,8/29/2013 20:56,45,615,Subscriber,94105
4495,1901,8/29/2013 13:19,35,8/29/2013 13:51,35,168,Subscriber,94303
4493,1914,8/29/2013 13:19,35,8/29/2013 13:50,35,83,Subscriber,94303
4718,1946,8/29/2013 16:25,69,8/29/2013 16:57,73,398,Customer,94107
4501,1963,8/29/2013 13:27,49,8/29/2013 14:00,49,334,Customer,94110
4133,1965,8/29/2013 10:17,69,8/29/2013 10:50,39,316,Customer,
4957,1969,8/29/2013 19:17,21,8/29/2013 19:50,21,159,Customer,94063
4844,1970,8/29/2013 17:50,41,8/29/2013 18:23,50,337,Customer,28290
4355,2044,8/29/2013 12:18,68,8/29/2013 12:52,68,548,Customer,94105
4894,2069,8/29/2013 18:22,47,8/29/2013 18:57,58,473,Customer,94102
4575,2096,8/29/2013 14:12,60,8/29/2013 14:47,73,636,Customer,
4241,2124,8/29/2013 11:22,66,8/29/2013 11:58,56,320,Subscriber,94103
4717,2136,8/29/2013 16:24,66,8/29/2013 17:00,58,356,Subscriber,94703
4302,2138,8/29/2013 11:58,42,8/29/2013 12:33,76,615,Subscriber,94129
4646,2542,8/29/2013 15:26,39,8/29/2013 16:08,51,555,Customer,94103
4922,3349,8/29/2013 18:50,34,8/29/2013 19:46,34,135,Subscriber,94061
4694,3362,8/29/2013 16:04,77,8/29/2013 17:00,39,402,Customer,10023
4135,3492,8/29/2013 10:19,66,8/29/2013 11:18,69,318,Subscriber,94123
4388,3582,8/29/2013 12:33,60,8/29/2013 13:33,58,462,Customer,21144
4132,3637,8/29/2013 10:17,66,8/29/2013 11:17,69,327,Subscriber,94124
4078,3829,8/29/2013 9:31,22,8/29/2013 10:34,22,228,Customer,94062
4709,4116,8/29/2013 16:17,42,8/29/2013 17:26,42,425,Customer,92178
4572,4331,8/29/2013 14:07,59,8/29/2013 15:20,47,373,Customer,94109
4622,4499,8/29/2013 15:00,76,8/29/2013 16:15,77,529,Customer,
4578,4521,8/29/2013 14:13,58,8/29/2013 15:29,65,623,Customer,10010
4577,4524,8/29/2013 14:13,58,8/29/2013 15:28,65,632,Customer,10010
4621,4536,8/29/2013 15:00,76,8/29/2013 16:15,77,430,Customer,
4893,4756,8/29/2013 18:22,48,8/29/2013 19:41,48,386,Customer,
4758,4801,8/29/2013 17:00,59,8/29/2013 18:20,67,635,Customer,94102
4634,5075,8/29/2013 15:09,51,8/29/2013 16:34,76,266,Customer,
4884,5506,8/29/2013 18:12,50,8/29/2013 19:44,73,634,Customer,76102
4313,5709,8/29/2013 12:06,55,8/29/2013 13:41,55,352,Customer,
4882,5776,8/29/2013 18:11,72,8/29/2013 19:48,48,571,Customer,
4669,5983,8/29/2013 15:40,65,8/29/2013 17:20,65,411,Customer,94110
4603,6095,8/29/2013 14:35,67,8/29/2013 16:16,66,448,Customer,
4166,7138,8/29/2013 10:49,49,8/29/2013 12:48,49,558,Customer,94105
4565,7148,8/29/2013 14:04,77,8/29/2013 16:03,72,437,Subscriber,94608
4639,11118,8/29/2013 15:18,76,8/29/2013 18:23,76,433,Customer,
4637,11272,8/29/2013 15:17,76,8/29/2013 18:25,76,377,Customer,
4528,12280,8/29/2013 13:39,7,8/29/2013 17:04,5,645,Subscriber,94536
4363,15244,8/29/2013 12:23,76,8/29/2013 16:37,39,434,Customer,
4193,18192,8/29/2013 11:04,48,8/29/2013 16:08,77,501,Customer,72150
4190,18240,8/29/2013 11:04,48,8/29/2013 16:08,77,614,Customer,72150
4225,21612,8/29/2013 11:18,39,8/29/2013 17:18,67,464,Customer,58553
4663,52698,8/29/2013 15:34,27,8/30/2013 6:12,38,150,Subscriber,94301
4532,84990,8/29/2013 13:43,76,8/30/2013 13:19,50,460,Customer,94118
4521,85385,8/29/2013 13:37,76,8/30/2013 13:20,50,390,Customer,94118
5069,86102,8/29/2013 21:41,51,8/30/2013 21:37,42,269,Customer,94111
4505,97713,8/29/2013 13:30,28,8/30/2013 16:38,27,141,Subscriber,94039
6115,69,8/30/2013 16:30,62,8/30/2013 16:31,62,633,Subscriber,94107
5157,75,8/30/2013 8:18,77,8/30/2013 8:19,77,586,Customer,94105
5349,76,8/30/2013 10:56,10,8/30/2013 10:57,11,28,Subscriber,95112
5314,94,8/30/2013 10:44,67,8/30/2013 10:46,66,598,Subscriber,94703
5580,112,8/30/2013 12:52,75,8/30/2013 12:54,77,341,Subscriber,94107
5872,125,8/30/2013 15:04,54,8/30/2013 15:06,54,603,Customer,
5483,129,8/30/2013 12:07,50,8/30/2013 12:09,50,487,Customer,98126
6457,130,8/30/2013 22:37,76,8/30/2013 22:39,76,280,Subscriber,94123
5767,134,8/30/2013 14:14,45,8/30/2013 14:17,45,520,Customer,
6393,134,8/30/2013 19:32,66,8/30/2013 19:34,66,618,Subscriber,94102
5947,140,8/30/2013 15:22,66,8/30/2013 15:25,66,560,Customer,
5480,149,8/30/2013 12:05,55,8/30/2013 12:08,49,364,Subscriber,94105
6266,168,8/30/2013 17:53,9,8/30/2013 17:56,9,638,Subscriber,95125
5702,170,8/30/2013 13:43,62,8/30/2013 13:46,64,442,Subscriber,94518
5465,177,8/30/2013 12:00,57,8/30/2013 12:03,39,432,Customer,
5617,179,8/30/2013 13:12,49,8/30/2013 13:15,55,348,Subscriber,94105
5476,182,8/30/2013 12:04,50,8/30/2013 12:07,42,522,Subscriber,94123
5744,182,8/30/2013 14:00,66,8/30/2013 14:03,66,395,Customer,85008
5543,185,8/30/2013 12:36,66,8/30/2013 12:39,67,510,Subscriber,94118
5282,193,8/30/2013 10:37,13,8/30/2013 10:41,10,658,Subscriber,95112
5462,194,8/30/2013 11:58,63,8/30/2013 12:02,63,310,Customer,94133
5213,195,8/30/2013 9:47,72,8/30/2013 9:50,67,598,Subscriber,94609
6191,197,8/30/2013 17:09,67,8/30/2013 17:13,72,409,Customer,94606
5873,199,8/30/2013 15:05,60,8/30/2013 15:09,48,520,Customer,
5550,211,8/30/2013 12:46,48,8/30/2013 12:50,42,412,Customer,85224
6117,213,8/30/2013 16:31,62,8/30/2013 16:35,62,633,Subscriber,94107
5219,214,8/30/2013 9:52,75,8/30/2013 9:55,55,518,Subscriber,94105
6220,216,8/30/2013 17:22,66,8/30/2013 17:25,72,316,Subscriber,94703
5671,220,8/30/2013 13:28,65,8/30/2013 13:32,69,565,Customer,94118
5830,220,8/30/2013 14:38,45,8/30/2013 14:41,50,572,Subscriber,94123
5797,227,8/30/2013 14:27,77,8/30/2013 14:31,74,513,Subscriber,94115
6292,229,8/30/2013 18:15,62,8/30/2013 18:18,77,272,Customer,94608
5230,232,8/30/2013 9:58,50,8/30/2013 10:02,50,270,Customer,28005
5426,232,8/30/2013 11:48,70,8/30/2013 11:52,61,504,Subscriber,94107
5460,238,8/30/2013 11:58,45,8/30/2013 12:02,45,383,Subscriber,94103
5746,238,8/30/2013 14:03,7,8/30/2013 14:07,11,185,Subscriber,95112
5473,241,8/30/2013 12:04,66,8/30/2013 12:08,58,395,Subscriber,94122
5705,241,8/30/2013 13:46,58,8/30/2013 13:50,59,630,Subscriber,94122
5133,246,8/30/2013 7:27,27,8/30/2013 7:31,28,155,Customer,94302
5196,246,8/30/2013 9:05,70,8/30/2013 9:09,65,288,Customer,95118
5555,249,8/30/2013 12:47,67,8/30/2013 12:51,66,367,Subscriber,94118
6405,251,8/30/2013 19:49,65,8/30/2013 19:54,70,554,Customer,94118
5372,252,8/30/2013 11:04,64,8/30/2013 11:08,62,360,Subscriber,94114
6234,254,8/30/2013 17:24,68,8/30/2013 17:28,63,368,Customer,94105
5496,255,8/30/2013 12:14,56,8/30/2013 12:18,50,384,Subscriber,94107
5652,256,8/30/2013 13:21,8,8/30/2013 13:25,6,671,Subscriber,95112
5651,258,8/30/2013 13:20,66,8/30/2013 13:24,58,388,Subscriber,94122
5229,259,8/30/2013 9:58,74,8/30/2013 10:02,49,399,Subscriber,94112
5255,265,8/30/2013 10:23,56,8/30/2013 10:27,75,439,Subscriber,94703
5209,266,8/30/2013 9:36,39,8/30/2013 9:40,67,409,Customer,
5745,266,8/30/2013 14:03,59,8/30/2013 14:08,67,630,Subscriber,94122
5257,268,8/30/2013 10:27,75,8/30/2013 10:32,76,538,Subscriber,94703
6283,271,8/30/2013 18:08,65,8/30/2013 18:12,69,338,Subscriber,94133
5958,273,8/30/2013 15:25,64,8/30/2013 15:29,64,426,Subscriber,94109
6285,274,8/30/2013 18:08,60,8/30/2013 18:13,60,285,Subscriber,94597
6446,280,8/30/2013 21:40,28,8/30/2013 21:45,28,165,Subscriber,94041
5185,282,8/30/2013 8:49,70,8/30/2013 8:53,57,602,Customer,95032
6304,282,8/30/2013 18:20,76,8/30/2013 18:24,39,337,Customer,
6448,283,8/30/2013 21:41,49,8/30/2013 21:46,63,611,Subscriber,94105
6132,284,8/30/2013 16:37,4,8/30/2013 16:42,2,68,Subscriber,94158
5612,288,8/30/2013 13:10,13,8/30/2013 13:15,6,652,Subscriber,95112
6326,289,8/30/2013 18:38,2,8/30/2013 18:43,2,23,Subscriber,95126
5247,290,8/30/2013 10:15,74,8/30/2013 10:20,56,414,Subscriber,94703
6218,292,8/30/2013 17:21,47,8/30/2013 17:26,41,577,Subscriber,94110
6273,292,8/30/2013 18:04,61,8/30/2013 18:09,70,567,Subscriber,94107
5742,293,8/30/2013 13:59,69,8/30/2013 14:04,65,361,Customer,94118
6416,296,8/30/2013 20:19,64,8/30/2013 20:24,77,583,Subscriber,94110
5675,297,8/30/2013 13:30,4,8/30/2013 13:35,2,664,Subscriber,95112
5605,303,8/30/2013 13:08,7,8/30/2013 13:13,3,174,Subscriber,95032
5399,304,8/30/2013 11:32,69,8/30/2013 11:37,65,474,Subscriber,94117
6406,304,8/30/2013 19:51,7,8/30/2013 19:56,13,658,Customer,
6352,306,8/30/2013 18:58,72,8/30/2013 19:03,72,586,Subscriber,94114
6264,307,8/30/2013 17:53,49,8/30/2013 17:58,74,512,Subscriber,94112
6305,307,8/30/2013 18:20,76,8/30/2013 18:25,39,592,Customer,
5265,311,8/30/2013 10:32,76,8/30/2013 10:37,72,622,Subscriber,94703
6073,311,8/30/2013 16:19,77,8/30/2013 16:24,68,430,Customer,94941
5248,315,8/30/2013 10:15,41,8/30/2013 10:20,75,538,Customer,94941
5730,316,8/30/2013 13:56,49,8/30/2013 14:01,63,364,Customer,
5194,317,8/30/2013 9:04,69,8/30/2013 9:09,57,268,Customer,94107
5207,317,8/30/2013 9:29,61,8/30/2013 9:35,63,310,Subscriber,94107
6167,317,8/30/2013 16:47,55,8/30/2013 16:52,50,397,Customer,94611
6327,317,8/30/2013 18:41,67,8/30/2013 18:47,39,610,Subscriber,94609
6335,317,8/30/2013 18:43,72,8/30/2013 18:49,72,560,Customer,90066
5266,318,8/30/2013 10:34,76,8/30/2013 10:39,68,266,Subscriber,94110
5763,322,8/30/2013 14:13,23,8/30/2013 14:19,23,226,Subscriber,94117
5518,325,8/30/2013 12:19,28,8/30/2013 12:25,30,155,Customer,94107
6479,325,8/30/2013 23:51,50,8/30/2013 23:56,74,523,Customer,
5290,327,8/30/2013 10:38,77,8/30/2013 10:44,62,442,Customer,94608
6118,327,8/30/2013 16:32,66,8/30/2013 16:37,72,560,Subscriber,94597
6272,328,8/30/2013 18:00,39,8/30/2013 18:06,77,507,Subscriber,94107
6419,330,8/30/2013 20:36,67,8/30/2013 20:41,76,408,Subscriber,94108
5499,331,8/30/2013 12:14,48,8/30/2013 12:19,60,428,Customer,33990
5191,332,8/30/2013 8:59,72,8/30/2013 9:04,66,323,Subscriber,94115
5994,333,8/30/2013 15:40,60,8/30/2013 15:45,60,624,Subscriber,94109
6445,333,8/30/2013 21:37,72,8/30/2013 21:42,66,329,Subscriber,94134
5212,334,8/30/2013 9:43,47,8/30/2013 9:49,56,359,Subscriber,94110
6172,334,8/30/2013 16:53,10,8/30/2013 16:59,6,35,Subscriber,95112
5491,335,8/30/2013 12:12,63,8/30/2013 12:18,57,598,Subscriber,94115
6359,337,8/30/2013 19:05,60,8/30/2013 19:11,60,529,Subscriber,94111
5454,341,8/30/2013 11:57,54,8/30/2013 12:03,50,522,Subscriber,94404
5501,341,8/30/2013 12:14,47,8/30/2013 12:19,64,583,Subscriber,94110
5776,343,8/30/2013 14:17,57,8/30/2013 14:23,70,318,Customer,95032
5276,344,8/30/2013 10:35,56,8/30/2013 10:41,47,359,Subscriber,94110
5516,347,8/30/2013 12:18,56,8/30/2013 12:24,55,587,Subscriber,94965
6176,347,8/30/2013 16:57,48,8/30/2013 17:03,60,520,Subscriber,94123
6296,348,8/30/2013 18:16,8,8/30/2013 18:22,3,680,Subscriber,95125
6038,350,8/30/2013 16:08,41,8/30/2013 16:14,50,425,Subscriber,94111
5168,352,8/30/2013 8:27,66,8/30/2013 8:33,39,409,Subscriber,94117
5931,352,8/30/2013 15:19,47,8/30/2013 15:24,50,483,Subscriber,94901
5694,355,8/30/2013 13:36,6,8/30/2013 13:42,8,671,Subscriber,95112
5492,356,8/30/2013 12:09,42,8/30/2013 12:15,73,425,Subscriber,94129
6477,356,8/30/2013 23:51,50,8/30/2013 23:56,74,350,Customer,70129
6284,359,8/30/2013 18:08,10,8/30/2013 18:14,8,680,Subscriber,95125
5798,362,8/30/2013 14:28,54,8/30/2013 14:34,74,285,Subscriber,94109
5425,364,8/30/2013 11:48,39,8/30/2013 11:54,69,434,Subscriber,94102
5288,368,8/30/2013 10:38,72,8/30/2013 10:44,67,571,Subscriber,94703
6476,370,8/30/2013 23:50,50,8/30/2013 23:56,74,467,Customer,70129
5117,371,8/30/2013 5:16,39,8/30/2013 5:23,69,432,Customer,
5618,372,8/30/2013 13:12,6,8/30/2013 13:19,7,657,Subscriber,95035
5600,375,8/30/2013 13:07,60,8/30/2013 13:13,41,607,Customer,94107
5720,375,8/30/2013 13:54,45,8/30/2013 14:00,76,529,Subscriber,94109
5868,375,8/30/2013 15:02,66,8/30/2013 15:08,39,316,Subscriber,94117
5879,375,8/30/2013 15:09,47,8/30/2013 15:15,47,448,Subscriber,94030
6438,377,8/30/2013 21:16,56,8/30/2013 21:22,49,611,Subscriber,94105
5909,378,8/30/2013 15:14,61,8/30/2013 15:20,77,366,Subscriber,94115
5834,381,8/30/2013 14:43,3,8/30/2013 14:49,5,654,Subscriber,95032
6212,385,8/30/2013 17:18,26,8/30/2013 17:24,22,249,Subscriber,94041
6307,387,8/30/2013 18:21,6,8/30/2013 18:27,7,82,Customer,95112
6072,389,8/30/2013 16:17,77,8/30/2013 16:24,68,414,Customer,94105
5604,390,8/30/2013 13:08,50,8/30/2013 13:15,54,470,Subscriber,94404
5940,390,8/30/2013 15:21,48,8/30/2013 15:27,60,624,Customer,94611
6358,391,8/30/2013 19:04,60,8/30/2013 19:11,60,324,Customer,94111
6398,392,8/30/2013 19:36,30,8/30/2013 19:42,28,151,Subscriber,94040
6125,393,8/30/2013 16:35,62,8/30/2013 16:42,70,633,Subscriber,94107
5127,394,8/30/2013 7:07,33,8/30/2013 7:14,29,219,Subscriber,94040
5549,395,8/30/2013 12:43,50,8/30/2013 12:50,75,416,Subscriber,94107
6397,395,8/30/2013 19:36,30,8/30/2013 19:42,28,48,Subscriber,94040
6442,396,8/30/2013 21:24,49,8/30/2013 21:31,56,568,Subscriber,94110
5935,398,8/30/2013 15:19,41,8/30/2013 15:26,45,544,Subscriber,94102
5419,399,8/30/2013 11:40,66,8/30/2013 11:47,59,508,Subscriber,94114
5154,401,8/30/2013 8:16,61,8/30/2013 8:23,77,290,Subscriber,94107
5869,401,8/30/2013 15:02,60,8/30/2013 15:09,48,400,Customer,
5925,401,8/30/2013 15:17,60,8/30/2013 15:24,50,270,Customer,85327
5681,403,8/30/2013 13:32,56,8/30/2013 13:39,76,477,Subscriber,94110
5374,405,8/30/2013 11:07,9,8/30/2013 11:14,9,653,Subscriber,95112
5877,405,8/30/2013 15:09,64,8/30/2013 15:16,62,633,Subscriber,94114
6216,406,8/30/2013 17:21,21,8/30/2013 17:28,25,262,Subscriber,94063
5440,408,8/30/2013 11:53,22,8/30/2013 11:59,26,308,Subscriber,94041
5939,411,8/30/2013 15:20,47,8/30/2013 15:27,47,448,Subscriber,94030
5418,412,8/30/2013 11:40,66,8/30/2013 11:47,59,614,Subscriber,94123
6453,414,8/30/2013 22:13,77,8/30/2013 22:20,50,583,Customer,94510
6174,415,8/30/2013 16:53,71,8/30/2013 17:00,45,393,Subscriber,94117
6314,415,8/30/2013 18:26,10,8/30/2013 18:33,8,30,Subscriber,95112
5301,416,8/30/2013 10:41,59,8/30/2013 10:48,39,506,Subscriber,94109
6011,418,8/30/2013 15:53,7,8/30/2013 16:00,6,657,Customer,
6313,419,8/30/2013 18:26,10,8/30/2013 18:33,8,679,Subscriber,95112
5924,420,8/30/2013 15:17,60,8/30/2013 15:24,50,539,Customer,22201
5525,422,8/30/2013 12:21,38,8/30/2013 12:28,38,66,Customer,94920
6010,425,8/30/2013 15:53,7,8/30/2013 16:00,6,639,Customer,
5118,430,8/30/2013 6:28,74,8/30/2013 6:35,54,603,Subscriber,94109
5466,434,8/30/2013 12:00,76,8/30/2013 12:08,50,562,Subscriber,94110
5169,437,8/30/2013 8:28,2,8/30/2013 8:35,4,664,Subscriber,94158
6322,438,8/30/2013 18:36,70,8/30/2013 18:43,61,633,Subscriber,94107
6386,438,8/30/2013 19:24,70,8/30/2013 19:31,64,404,Customer,94103
6378,440,8/30/2013 19:20,59,8/30/2013 19:27,76,615,Subscriber,94608
6455,441,8/30/2013 22:31,6,8/30/2013 22:39,9,644,Subscriber,95112
5130,442,8/30/2013 7:16,50,8/30/2013 7:24,47,286,Subscriber,94901
5488,444,8/30/2013 12:10,58,8/30/2013 12:18,76,395,Subscriber,94122
5592,444,8/30/2013 13:03,74,8/30/2013 13:11,47,483,Subscriber,94123
5171,445,8/30/2013 8:29,72,8/30/2013 8:36,71,623,Subscriber,94103
5794,446,8/30/2013 14:22,49,8/30/2013 14:30,50,574,Customer,
6277,446,8/30/2013 18:06,29,8/30/2013 18:13,33,124,Subscriber,94043
6456,447,8/30/2013 22:35,61,8/30/2013 22:43,65,312,Customer,94110
5590,449,8/30/2013 13:00,24,8/30/2013 13:07,23,233,Subscriber,94402
5522,450,8/30/2013 12:20,47,8/30/2013 12:27,74,483,Subscriber,94123
5487,452,8/30/2013 12:10,47,8/30/2013 12:18,39,359,Subscriber,94043
5138,453,8/30/2013 7:44,66,8/30/2013 7:51,76,622,Customer,
5206,455,8/30/2013 9:21,74,8/30/2013 9:29,61,461,Customer,94608
5388,457,8/30/2013 11:21,39,8/30/2013 11:28,69,474,Customer,94110
5850,457,8/30/2013 14:56,13,8/30/2013 15:03,7,639,Customer,
5396,459,8/30/2013 11:30,66,8/30/2013 11:38,76,562,Subscriber,94122
5542,461,8/30/2013 12:35,66,8/30/2013 12:43,39,375,Subscriber,94597
6348,461,8/30/2013 18:53,61,8/30/2013 19:00,47,311,Subscriber,94133
5180,462,8/30/2013 8:41,2,8/30/2013 8:49,6,675,Customer,94577
5503,463,8/30/2013 12:16,60,8/30/2013 12:23,74,273,Subscriber,94122
6371,466,8/30/2013 19:18,76,8/30/2013 19:25,70,359,Customer,94118
5792,467,8/30/2013 14:20,45,8/30/2013 14:28,74,579,Customer,
5848,468,8/30/2013 14:55,13,8/30/2013 15:03,7,658,Customer,
5420,471,8/30/2013 11:40,77,8/30/2013 11:48,73,585,Customer,94122
5412,478,8/30/2013 11:36,8,8/30/2013 11:44,6,180,Subscriber,95112
5547,479,8/30/2013 12:42,61,8/30/2013 12:50,50,470,Customer,94608
5741,480,8/30/2013 13:58,63,8/30/2013 14:06,45,579,Subscriber,94103
5764,481,8/30/2013 14:14,75,8/30/2013 14:22,57,503,Customer,94103
5774,481,8/30/2013 14:16,66,8/30/2013 14:24,66,560,Subscriber,94612
6338,485,8/30/2013 18:46,60,8/30/2013 18:54,50,277,Customer,
6447,485,8/30/2013 21:41,69,8/30/2013 21:49,39,289,Subscriber,94102
5789,486,8/30/2013 14:20,45,8/30/2013 14:28,74,520,Customer,
5842,486,8/30/2013 14:48,67,8/30/2013 14:56,39,602,Customer,94523
6345,486,8/30/2013 18:50,75,8/30/2013 18:58,54,470,Subscriber,94110
6299,487,8/30/2013 18:17,77,8/30/2013 18:25,49,507,Subscriber,94105
5377,489,8/30/2013 11:12,76,8/30/2013 11:20,50,536,Customer,93619
5376,490,8/30/2013 11:12,76,8/30/2013 11:20,50,606,Customer,93619
5190,492,8/30/2013 8:57,42,8/30/2013 9:05,45,529,Customer,94111
5210,493,8/30/2013 9:36,62,8/30/2013 9:44,41,360,Customer,94105
5442,494,8/30/2013 11:53,61,8/30/2013 12:01,50,386,Subscriber,94107
5591,494,8/30/2013 13:01,11,8/30/2013 13:10,11,38,Customer,95110
5122,495,8/30/2013 6:41,61,8/30/2013 6:50,51,292,Subscriber,94107
5136,495,8/30/2013 7:38,73,8/30/2013 7:46,49,608,Subscriber,94133
5240,497,8/30/2013 10:02,66,8/30/2013 10:10,66,323,Subscriber,94612
5199,498,8/30/2013 9:10,77,8/30/2013 9:19,64,535,Customer,94105
5933,498,8/30/2013 15:19,59,8/30/2013 15:27,70,375,Customer,94010
6179,498,8/30/2013 16:59,47,8/30/2013 17:08,73,338,Customer,94619
6245,498,8/30/2013 17:30,54,8/30/2013 17:38,70,404,Customer,94043
5749,499,8/30/2013 14:11,41,8/30/2013 14:19,62,272,Customer,94105
6403,499,8/30/2013 19:48,7,8/30/2013 19:56,13,676,Customer,95112
6004,506,8/30/2013 15:47,58,8/30/2013 15:55,76,511,Customer,94103
6008,508,8/30/2013 15:49,56,8/30/2013 15:58,47,338,Subscriber,94109
5217,509,8/30/2013 9:49,63,8/30/2013 9:58,45,383,Customer,94133
6402,509,8/30/2013 19:48,7,8/30/2013 19:56,13,675,Customer,
5125,511,8/30/2013 6:59,39,8/30/2013 7:08,49,339,Customer,94109
6207,511,8/30/2013 17:13,41,8/30/2013 17:22,76,337,Customer,85224
6330,511,8/30/2013 18:42,63,8/30/2013 18:51,72,270,Customer,94702
6337,511,8/30/2013 18:46,29,8/30/2013 18:54,33,112,Subscriber,94040
5712,512,8/30/2013 13:53,39,8/30/2013 14:01,66,560,Subscriber,94117
6306,514,8/30/2013 18:20,69,8/30/2013 18:29,63,270,Customer,94702
5134,515,8/30/2013 7:32,65,8/30/2013 7:41,66,409,Subscriber,94612
5528,519,8/30/2013 12:24,64,8/30/2013 12:33,47,287,Subscriber,94110
5628,522,8/30/2013 13:14,39,8/30/2013 13:22,66,432,Subscriber,94597
5261,527,8/30/2013 10:28,69,8/30/2013 10:37,61,487,Customer,85327
5920,527,8/30/2013 15:16,76,8/30/2013 15:25,58,508,Customer,94103
5536,528,8/30/2013 12:29,59,8/30/2013 12:38,66,388,Subscriber,94114
5595,528,8/30/2013 13:05,56,8/30/2013 13:14,64,557,Customer,
6454,528,8/30/2013 22:20,73,8/30/2013 22:29,77,332,Customer,94619
5936,531,8/30/2013 15:19,55,8/30/2013 15:28,50,363,Customer,94903
6317,532,8/30/2013 18:30,55,8/30/2013 18:39,76,355,Customer,94109
5822,534,8/30/2013 14:34,76,8/30/2013 14:42,58,511,Subscriber,94117
6303,534,8/30/2013 18:18,45,8/30/2013 18:27,39,395,Subscriber,94117
6430,534,8/30/2013 21:08,61,8/30/2013 21:17,65,443,Customer,94103
5162,536,8/30/2013 8:24,70,8/30/2013 8:33,51,379,Subscriber,94133
5369,539,8/30/2013 11:01,7,8/30/2013 11:10,7,649,Customer,95123
6401,539,8/30/2013 19:47,7,8/30/2013 19:56,13,143,Customer,
6421,539,8/30/2013 20:38,58,8/30/2013 20:47,58,519,Customer,94102
5140,540,8/30/2013 7:52,74,8/30/2013 8:01,57,318,Customer,94501
5328,540,8/30/2013 10:47,74,8/30/2013 10:56,61,436,Subscriber,94107
5200,544,8/30/2013 9:13,47,8/30/2013 9:22,67,507,Subscriber,94597
6256,545,8/30/2013 17:43,66,8/30/2013 17:52,39,617,Subscriber,94117
5534,547,8/30/2013 12:29,59,8/30/2013 12:38,66,572,Subscriber,94123
6046,549,8/30/2013 16:10,54,8/30/2013 16:19,50,337,Subscriber,94105
6428,551,8/30/2013 21:05,39,8/30/2013 21:14,66,376,Subscriber,94117
6127,555,8/30/2013 16:36,66,8/30/2013 16:45,65,473,Subscriber,94107
6251,555,8/30/2013 17:39,73,8/30/2013 17:48,77,523,Customer,94133